Molecule #,SMILES
1,NCCCC(=O)O
2,C1(=CC=CC=C1)P(C1=CC=CC=C1)C1=CC=CC=C1
3,C1(=CC=CC=C1)[B-](C1=CC=CC=C1)(C1=CC=CC=C1)C1=CC=CC=C1.[Na+]
4,C(CC)S(=O)(=O)O
5,C(CCCCCCCCCCC)C1=CC=C(C=C1)S(=O)(=O)O
6,N1C(=CC=C1)C(=O)OC
7,CC(CN(CC(C)C)CC(C)C)C
8,FC(S(=O)(=O)[O-])(F)F.C(CCC)N1C=[N+](C=C1)C
9,OC[C@H]1O[C@@H]2O[C@@H]3[C@H](O[C@H](O[C@@H]4[C@H](O[C@H](O[C@@H]5[C@H](O[C@H](O[C@@H]6[C@H](O[C@H](O[C@@H]7[C@H](O[C@H](O[C@H]1[C@@H]([C@H]2O)O)[C@@H]([C@H]7O)O)CO)[C@@H]([C@H]6O)O)CO)[C@@H]([C@H]5O)O)CO)[C@@H]([C@H]4O)O)CO)[C@@H]([C@H]3O)O)CO
10,C(C1=CC=CC=C1)(C1=CC=CC=C1)(C1=CC=CC=C1)C1=CC=CC=C1
11,[I-].C(C)(=O)SCC[N+](C)(C)C
12,NCC=1C=C(C=CC1)CN
13,C(C=C)(=O)OCCOC
14,Br.BrC=1C=C(C=CC1)CN
15,NC1=CC=C(C=C1)N=NC1=CC=C(N)C=C1
16,C(CCC)(=O)N
17,N(N)C=1C=C(C=CC1)S(=O)(=O)N
18,C1(C(CCCC1)N)N
19,FC(S(=O)(=O)[O-])(F)F.C(CCC)[N+](CCCC)(CCCC)CCCC
20,C(=O)[O-].C[NH3+]
21,C(CCCCCCC)(=O)O
22,C(CCCCCCC)P(CCCCCCCC)CCCCCCCC
23,C(C=C)(=O)OCC
24,N1=C(C=CC=C1C(=O)O)C(=O)O
25,NC1=CC=C(OC2=CC=C(N)C=C2)C=C1
26,C(CCCCC)N(CCCCCC)CCCCCC
27,C(=O)(O)CC1=CC=C(C=C1)CC(=O)O
28,COC1=CC=C(C=C1)B1OC(C(O1)(C)C)(C)C
29,C1(=CC=CC=C1)CN
30,I.BrC1=CC=C(C=C1)CCN
31,C1(=CC=CC2=CC=CC=C12)CN
32,ClC1=CC=C(C=C1)CCN
33,NC1=CC=C(C=C1)SC1=CC=C(N)C=C1
34,C(CCCCC(=O)OC)(=O)OC
35,C(CCCCC(=O)N)(=O)N
36,CN1C(=CC=C1)C(=O)OC
37,S1C(=CC=C1)SSC=1SC=CC1
38,C(CCCCCCC(=O)N)(=O)N
39,C(CC)(=O)OCC
40,C(CCCC)S
41,C(CC)(=O)O
42,NCC1=C(C=CC=C1)CN
43,C(C=C)(=O)OCCCCOC(C=C)=O
44,NCC1=CC=C(C=C1)CN
45,CCCCC#N
46,COCCCC
47,CN1C=CC=C1
48,C(CCCC)O
49,F[B-](F)(F)F.[NH4+]
50,C(CCCCCO)O
51,C(CCC)N
52,C1(CCCCC1)CN
53,C(=O)(O)CC=1C=C(C=CC1)CC(=O)O
54,C=12OCCOCCOC3=CC=CC=C3OCCOCCOC2=CC=CC1
55,C(=O)(O)CC1=C(C=CC=C1)CC(=O)O
56,NC1(CCC1)C(=O)O
57,FC=1C=C(C=CC1F)CN
58,C(=O)(O)COC1=C(OCC(=O)O)C=CC=C1
59,C=12OCCOCCOC3=CC=CC=C3OCCOCCOCCOC2=CC=CC1
60,N[C@H](C(=O)O)CSCC1=CC=CC=C1
61,C(CCCC)=O
62,C1(=CC=CC=C1)CS(=O)(=O)N
63,C(CCCCCN)N
64,C=12OCCOCCOCCOC3=CC=CC=C3OCCOCCOCCOC2=CC=CC1
65,CCC(CC)=O
66,C(CC)N
67,S(=O)(=O)(OCCCCCCCCCCCC)[O-].[Na+]
68,C(=O)(O)COC=1C=C(OCC(=O)O)C=CC1
69,S1C(=CC=C1C(=O)O)C(=O)O
70,C(CCCCCC)N
71,C(C1=CC=CC=C1)(=O)O
72,C(=C)C1=CC=NC=C1
73,NCCCOCCCCOCCCN
74,N[C@H](C(=O)O)CS
75,COCCOCCN
76,C(C=C)(=O)OCC(COC(C=C)=O)(COC(C=C)=O)COC(C=C)=O
77,O=C(CCC(=O)O)CCC(=O)O
78,C(C=C)(=O)OCC(COC(C=C)=O)(COCC(COC(C=C)=O)(COC(C=C)=O)COC(C=C)=O)CO
79,CN1C(CCC1)=O
80,CC(C(=O)OCCOCCOC(C(=C)C)=O)=C
81,COCCOCCOCCOCCN
82,FC1=CC=C(C=C1)CN
83,OCC(=O)O.C(CO)O
84,C1=C(C=CC2=CC=CC=C12)C(=O)O
85,NC=1C=C(C=CC1)S(=O)(=O)C=1C=C(N)C=CC1
86,C12OCCOCCOC3CCCCC3OCCOCCOC2CCCC1
87,[Br-].C1(=CC=CC=C1)[P+](C1=CC=CC=C1)(C1=CC=CC=C1)C1=CC=CC=C1
88,[Br-].C(CCC)[P+](C1=CC=CC=C1)(C1=CC=CC=C1)C1=CC=CC=C1
89,ClC1=CC=C(C=C1)CN
90,BrC=1C=C(C=CC1)CN
91,NC1=CC=C(C=C1)C(=O)C1=CC=C(C=C1)N
92,C1(=CC=CC=C1)CCN
93,CN(CCN1NN=NC1=S)C
94,C(C=C)(=O)OCC(CC)(COC(C=C)=O)COC(C=C)=O
95,[Br-].C(CCC)[P+](CCCC)(CCCC)CCCC
96,N[C@H](C(=O)O)CC1=CC=CC=C1
97,C(CCCC)(=O)O
98,CN1C(N(CCC1)C)=O
99,C(CCCC)N
100,[Cl-].C1(=CC=CC=C1)[P+](C1=CC=CC=C1)(C1=CC=CC=C1)C1=CC=CC=C1
101,[Br-].C(CCC)[N+](CCCC)(CCCC)CCCC
102,[I-].C1(=CC=CC=C1)[P+](C1=CC=CC=C1)(C1=CC=CC=C1)C1=CC=CC=C1
103,N[C@H](C(=O)O)CCC(=O)O
104,NCCCOCCOCCOCCCN
105,ClC=1C=C(C=CC1)CN
106,NCCOCCOCCOCC(=O)O
107,C(CCCCC(=O)O)(=O)O
108,NCCCCCCC(=O)O
109,NC1=CC=C(C=C1)S(=O)(=O)C1=CC=C(N)C=C1
110,N1(C=NC=C1)CCCS(=O)(=O)O
111,C(CCCCCCC(=O)O)(=O)O
112,NCCOCCOCCOCCC(=O)O
113,C(CCCCC(=O)NN)(=O)NN
114,NCCOCCOCCN
115,NCCOCCOCCOCCOCCOCCN
116,NCCOCCOCCOCCOCCN
117,NCCOCCOCCOCCN
118,C(CCC)B(O)O
119,N1C(=CC=C1)C(=O)O
120,C1(CCC(CC1)N)N
121,I.ClC1=CC=C(C=C1)CCN
122,CN1C(=CC=C1)C(=O)O
123,C(CC)P(O)(O)=O
124,FC1=CC=C(C(=O)O)C=C1
125,C(CCCC(=O)O)(=O)O
126,N[C@@H](CCSC)C(=O)O
127,F[B-](F)(F)F.C(CCC)[P+](CCCC)(CCCC)CCCC
128,NCCCCCCCC(=O)O
129,NCCCCCC(=O)O
130,C(CCCCCC(=O)O)(=O)O
131,NCCCCC(=O)O
132,CCCCCCCC
133,C1(=CC=CC=C1)N(C1=CC=CC=C1)C1=CC=CC=C1
134,C1=CNC=C1
135,CCCCCCC(=O)O
136,C1CCC(CC1)N
137,C=CC(=O)OCCOC(=O)C=C
138,CCCC[P+](CCCC)(CCCC)CCCC.F[P-](F)(F)(F)(F)F
139,CCCCN.CC(=O)O
140,C1=C(C=C(C=C1C(=O)O)C(=O)O)C(=O)O
141,C(COCCOCC(=O)O)N
142,CCCCCCCCCCCC(=O)OCCOCC(C1C(C(CO1)OCCO)OCCO)OCCO
